{
  "train_loss": [
    0.6841499507427216,
    0.6058346331119537,
    0.597194641828537,
    0.44702067971229553,
    0.4472833275794983,
    0.30683542788028717,
    0.14971233159303665,
    0.14314651116728783,
    0.05057133361697197,
    0.040288555435836315,
    0.020346590783447027,
    0.039468780159950256,
    0.04748400719836354,
    0.10518479533493519
  ],
  "train_acc": [
    0.7391304347826086,
    0.9420289855072463,
    0.6521739130434783,
    0.8840579710144928,
    0.8840579710144928,
    0.8985507246376812,
    1.0,
    0.9710144927536232,
    1.0,
    1.0,
    1.0,
    0.9855072463768116,
    0.9710144927536232,
    0.9565217391304348
  ],
  "val_loss": [
    0.6778922080993652,
    0.6574088931083679,
    0.6268420815467834,
    0.571949303150177,
    0.5078299045562744,
    0.4796898365020752,
    0.4783560037612915,
    0.3983706831932068,
    0.36844488978385925,
    0.4358299970626831,
    0.5132400393486023,
    0.5768479108810425,
    0.577396810054779,
    0.5551415681838989
  ],
  "val_acc": [
    0.8461538461538461,
    0.7692307692307693,
    0.7692307692307693,
    0.7692307692307693,
    0.7692307692307693,
    0.7692307692307693,
    0.7692307692307693,
    0.7692307692307693,
    0.8461538461538461,
    0.8461538461538461,
    0.8461538461538461,
    0.8461538461538461,
    0.8461538461538461,
    0.8461538461538461
  ],
  "learning_rates": [
    0.001,
    0.001,
    0.001,
    0.001,
    0.001,
    0.001,
    0.001,
    0.001,
    0.001,
    0.001,
    0.001,
    0.001,
    0.001,
    0.0005
  ],
  "final_test_accuracy": 0.8666666666666667,
  "final_test_precision": 0.875,
  "final_test_recall": 0.875,
  "final_test_f1": 0.875,
  "best_epoch": 9,
  "best_val_loss": 0.36844488978385925,
  "best_val_acc": 0.8461538461538461,
  "total_epochs": 14,
  "training_time_seconds": 2.896554,
  "dataset_hash": "ad6ba302f7432b166c2ad5eafc225001",
  "dataset_size": 97,
  "model_params": 2405505
}