{
  "train_loss": [
    0.04483553194150484,
    0.01811719977389723,
    0.01071710747559674,
    0.013567857101307944,
    0.010926147244983852,
    0.012889602355277245,
    0.009092495482913139,
    0.006509226810587729
  ],
  "train_acc": [
    0.9875629355473309,
    0.995998799639892,
    0.9979660564836117,
    0.9973658764295955,
    0.9978326831382748,
    0.9977326531292721,
    0.9980660864926144,
    0.9989663565736387
  ],
  "val_loss": [
    0.016115059707936526,
    0.013416486995642534,
    0.011066716265337295,
    0.011416470792904743,
    0.011387228582500401,
    0.013405110441563449,
    0.014245573958628866,
    0.013374116564876434
  ],
  "val_acc": [
    0.9950878518798413,
    0.9967882108445116,
    0.9973549971660683,
    0.9975439259399207,
    0.9977328547137729,
    0.9962214245229548,
    0.9962214245229548,
    0.9965992820706594
  ],
  "learning_rates": [
    0.001,
    0.001,
    0.001,
    0.001,
    0.001,
    0.001,
    0.001,
    0.0005
  ],
  "final_test_accuracy": 0.9971093624538301,
  "final_test_precision": 0.9982123703968537,
  "final_test_recall": 0.9953654188948307,
  "final_test_f1": 0.9967868618350589,
  "best_epoch": 3,
  "best_val_loss": 0.011066716265337295,
  "best_val_acc": 0.9973549971660683,
  "total_epochs": 8,
  "training_time_seconds": 498.742103,
  "dataset_hash": "7718caa811191c6700c3a3cc9c61549e",
  "dataset_size": 41511,
  "model_params": 3648001
}